{"EndSceneImage":{"imageFilePath_":"Images/EndScene/EndSceneImage.png","layerNumber_":2,"objectName_":"EndSceneImage","position_":[0.0,0.0,0.0],"rotate_":[0.0,0.0,0.0],"scale_":[1.0,1.0,1.0],"type_":2},"HPNum":{"layerNumber_":4,"objectName_":"HPNum","position_":[0.20000000298023224,-0.10000000149011612,0.0],"rotate_":[0.0,0.0,0.0],"scale_":[1.0,1.0,1.0],"size":1.649999976158142,"text":"0123456789","type_":3},"NextSceneButton":{"imageFilePath_":"Images/EndScene/clearTONEXTSCENE.png","layerNumber_":1,"objectName_":"NextSceneButton","position_":[0.0,0.0,0.0],"rotate_":[0.0,0.0,0.0],"scale_":[1.0,1.0,1.0],"type_":1},"ScoreNum":{"layerNumber_":3,"objectName_":"ScoreNum","position_":[0.20000000298023224,0.30000001192092896,0.0],"rotate_":[0.0,0.0,0.0],"scale_":[1.0,1.0,1.0],"size":1.649999976158142,"text":"012346789","type_":3},"TimeNum":{"layerNumber_":5,"objectName_":"TimeNum","position_":[0.20000000298023224,-0.4000000059604645,0.0],"rotate_":[0.0,0.0,0.0],"scale_":[1.0,1.0,1.0],"size":1.649999976158142,"text":"0123456789","type_":3}}
