{"BuckButton":{"imageFilePath_":"Images/backButton.png","objectName_":"BuckButton","position_":[-0.05999999865889549,-0.8500000238418579,0.0],"rotate_":[0.0,0.0,0.0],"scale_":[1.0,0.5,1.0],"type_":1},"NextButton":{"imageFilePath_":"Images/nextButton.png","objectName_":"NextButton","position_":[0.05999999865889549,-0.8500000238418579,0.0],"rotate_":[0.0,0.0,0.0],"scale_":[1.0,0.5,1.0],"type_":1}}
