{"position":[-32.729007720947266,-2.260256767272949,54.46297073364258],"target":[-27.670459747314453,10.26025676727295,55.18290328979492]}
