{"position":[-16.842138290405273,-0.5243129730224609,36.8084716796875],"target":[-21.357576370239258,8.524312973022461,27.83051300048828]}
