{"position":[-2.326014995574951,-2.1546196937561035,-18.742565155029297],"target":[-0.09489011764526367,11.154619216918945,-17.8726806640625]}
