{"position":[-54.150001525878906,47.14799880981445,76.92701721191406],"target":[-1.3660000562667847,3.8519999980926514,76.26457214355469]}
