{"position":[-5.084613800048828,-1.3519792556762695,-5.803231239318848],"target":[-4.083026885986328,4.3519792556762695,-5.579352378845215]}
