{"position":[-4.455078601837158,-0.8519797325134277,5.268489360809326],"target":[-3.6185097694396973,4.851979732513428,5.863008975982666]}
