{"position":[35.67399978637695,67.84500122070313,136.2570037841797],"target":[-0.09489011764526367,-56.845001220703125,-17.8726806640625]}
