{"position":[-30.421188354492188,-2.654618740081787,64.76250457763672],"target":[-28.029144287109375,10.654619216918945,64.87529754638672]}
