{"position":[-23.037519454956055,1.5457379817962646,69.41429138183594],"target":[-19.743505477905273,2.4542620182037354,67.61088562011719]}
