{"position":[-9.63488483428955,-2.6546201705932617,-3.662141799926758],"target":[-7.309292793273926,10.654620170593262,-3.0909204483032227]}
