{"position":[-1.0828628540039063,-2.1546192169189453,-16.101850509643555],"target":[1.2803664207458496,11.154619216918945,-15.714856147766113]}
