{"position":[-1.0264605283737183,-2.641716957092285,2.1530473232269287],"target":[1.2990816831588745,10.641716957092285,3.1593987941741943]}
