{"position":[-15.143922805786133,-2.6546216011047363,23.845722198486328],"target":[-14.158468246459961,10.654621124267578,21.663188934326172]}
