{"position":[-8.293035507202148,-1.3064441680908203,6.817491054534912],"target":[-9.503242492675781,4.30644416809082,6.030507564544678]}
