{"position":[6.068551540374756,-3.5683581829071045,-8.651839256286621],"target":[3.966148853302002,8.968358039855957,-9.641154289245605]}
