{"position":[49.85599899291992,30.344999313354492,30.84600067138672],"target":[-14.157999992370605,-10.345000267028809,-3.3369998931884766]}
