{"position":[2.2451934814453125,-4.246345520019531,10.760772705078125],"target":[4.147112846374512,12.246345520019531,13.378536224365234]}
