{"position":[0.0,0.20000076293945313,-3.0],"target":[0.0,0.20000076293945313,37.0]}
