{"position":[3.726080894470215,-6.837520599365234,17.78135871887207],"target":[3.4812088012695313,14.837520599365234,21.673635482788086]}
