{"position":[13.444185256958008,-1.3519787788391113,7.28316593170166],"target":[14.122892379760742,4.351978778839111,8.053008079528809]}
