{"position":[-16.3610782623291,-2.1921119689941406,-0.8276645541191101],"target":[-15.325376510620117,3.8921117782592773,-0.47306686639785767]}
