{"position":[-5.660886764526367,-2.3617472648620605,22.027294158935547],"target":[-3.7104971408843994,10.361747741699219,26.172061920166016]}
