{"position":[-1.5502848625183105,-2.6282997131347656,-0.05250406265258789],"target":[-0.5594205856323242,6.878299713134766,-1.446786642074585]}
