{"position":[-17.358999252319336,48.132999420166016,83.91200256347656],"target":[-15.097999572753906,-166.0760040283203,255.0019989013672]}
