{"position":[-31.094985961914063,-6.54905891418457,90.32548522949219],"target":[-28.001632690429688,6.54905891418457,91.64494323730469]}
