{"position":[1.4969371557235718,-0.7667810916900635,-12.128302574157715],"target":[1.5887898206710815,4.366781234741211,-13.047406196594238]}
