{"position":[-38.38935089111328,-2.441401481628418,59.92036056518555],"target":[-34.310333251953125,10.441401481628418,59.40505599975586]}
