{"position":[7.965550899505615,-2.098642349243164,2.4895172119140625],"target":[10.868871688842773,11.098642349243164,3.0119004249572754]}
