{"position":[14.714605331420898,-2.4567630290985107,2.2319841384887695],"target":[13.472728729248047,6.856762886047363,1.0819934606552124]}
