{"position":[-4.0,3.0,-15.0],"target":[3.431999921798706,-2.3450000286102295,4.861000061035156]}
