{"position":[-3.6038029193878174,-1.851980447769165,45.74860763549805],"target":[-3.9175455570220947,3.851980447769165,46.72578048706055]}
