{"position":[5.1671600341796875,-0.6280832290649414,-1.589092493057251],"target":[7.345925331115723,12.628083229064941,-0.04072690010070801]}
