{"position":[-4.843023300170898,-2.654618263244629,44.698890686035156],"target":[-7.112653732299805,10.654618263244629,43.93506622314453]}
