{"position":[14.642857551574707,-6.897016525268555,-1.1043086051940918],"target":[11.111895561218262,15.897016525268555,1.215099811553955]}
