{"position":[-7.020676612854004,-1.43717622756958,-11.107418060302734],"target":[-6.762880325317383,4.837176322937012,-12.206535339355469]}
