{"position":[-46.35900115966797,102.13300323486328,-73.08799743652344],"target":[-71.0979995727539,-92.07599639892578,152.0019989013672]}
