{"position":[-0.1439359188079834,-1.773892879486084,12.169879913330078],"target":[-5.186566352844238,9.773893356323242,7.261615753173828]}
