{"position":[-12.345847129821777,-2.648259162902832,25.956113815307617],"target":[-10.300393104553223,10.648259162902832,27.33060646057129]}
