{"position":[-6.998415946960449,-6.555932998657227,84.26570129394531],"target":[-6.0316362380981445,10.555932998657227,87.18891906738281]}
