{"position":[-5.2026495933532715,-1.3519799709320068,-20.690345764160156],"target":[-4.2059712409973145,4.351980209350586,-20.445533752441406]}
