{"position":[0.30911219120025635,-2.6857786178588867,1.6421177387237549],"target":[-1.6371866464614868,5.885778427124023,0.33424824476242065]}
