{"position":[0.0,21.371999740600586,-28.589000701904297],"target":[0.0,4.627999782562256,0.0]}
