{"position":[1.3401023149490356,-2.5828351974487305,-1.967334270477295],"target":[2.1549386978149414,10.58283519744873,1.0111961364746094]}
