{"position":[17.283023834228516,10.330127716064453,-9.637770652770996],"target":[18.64578628540039,14.469871520996094,-10.502602577209473]}
