{"position":[-13.296042442321777,-0.8519799709320068,-8.56171989440918],"target":[-12.90329647064209,4.851980209350586,-9.509897232055664]}
