{"position":[-10.692180633544922,-1.3519790172576904,2.6870570182800293],"target":[-9.666229248046875,4.3519792556762695,2.7139177322387695]}
