{"position":[-8.532679557800293,-2.628084659576416,23.910486221313477],"target":[-5.884499549865723,10.628084182739258,24.273244857788086]}
