{"position":[-1.7129850387573242,-2.590829372406006,22.386573791503906],"target":[1.2736291885375977,10.590829849243164,22.827594757080078]}
