{"position":[-35.62052917480469,23.8439998626709,20.27400016784668],"target":[-32.75193786621094,-0.04399999976158142,51.15532684326172]}
