{"position":[2.275146722793579,10.373652458190918,17.861560821533203],"target":[-0.6564507484436035,-2.373652458190918,21.294116973876953]}
