{"position":[8.597015380859375,-0.5777992010116577,-11.38402271270752],"target":[9.435070037841797,3.777799129486084,-11.121390342712402]}
