{"position":[30.507436752319336,-6.0523271560668945,-47.63326644897461],"target":[34.01569747924805,15.052327156066895,-46.18008041381836]}
