{"position":[-3.705819606781006,-2.1137266159057617,1.8778901100158691],"target":[-1.1433368921279907,11.113726615905762,3.0348944664001465]}
