{"position":[17.260936737060547,-1.3519792556762695,-4.630982398986816],"target":[18.286739349365234,4.3519792556762695,-4.598738670349121]}
