{"position":[-20.140872955322266,-2.6546201705932617,26.387407302856445],"target":[-19.329700469970703,10.654620170593262,28.640546798706055]}
