{"position":[-0.5295571684837341,-1.7019797563552856,-12.998940467834473],"target":[0.4795650839805603,4.001979827880859,-12.811909675598145]}
