{"position":[0.3469166159629822,-0.8344542980194092,4.802608489990234],"target":[1.4477033615112305,4.834454536437988,5.29271125793457]}
