{"position":[-0.9354025721549988,-0.9973959922790527,-0.1304507851600647],"target":[0.11609774827957153,3.847395896911621,-0.937292754650116]}
