{"position":[-0.9031807780265808,-2.649254083633423,-0.25693702697753906],"target":[-0.09293419122695923,3.0492541790008545,-0.9344059228897095]}
