{"position":[-0.8415125608444214,-8.215848922729492,-13.2711820602417],"target":[0.1324697732925415,5.0933918952941895,-11.083497047424316]}
