{"position":[0.9111027121543884,-0.6942858695983887,-8.239265441894531],"target":[2.518817186355591,4.694285869598389,-9.641765594482422]}
