{"position":[-1.5545780658721924,-0.3792705237865448,-2.4445910453796387],"target":[2.5936853885650635,1.1792705059051514,1.2905551195144653]}
