{"position":[-24.09213638305664,-3.872070074081421,-17.435794830322266],"target":[-15.10704517364502,4.472070217132568,-11.73369026184082]}
