{"position":[-6.319983959197998,-1.352067470550537,-1.3032166957855225],"target":[-6.8297600746154785,4.352067470550537,-0.41360121965408325]}
