{"position":[-25.70915412902832,-2.302133083343506,30.68674659729004],"target":[-23.601224899291992,10.994382858276367,31.963350296020508]}
