{"position":[17.641000747680664,49.132999420166016,-2.0880000591278076],"target":[-15.097999572753906,-166.0760040283203,255.0019989013672]}
