{"position":[-28.24041175842285,1.1137909889221191,-10.952566146850586],"target":[-28.84601402282715,8.886209487915039,-12.35203742980957]}
