{"position":[8.992559432983398,-2.154618740081787,-4.325634002685547],"target":[11.355791091918945,11.154619216918945,-3.938633918762207]}
