{"position":[-0.6768507957458496,-2.6546201705932617,-2.063469886779785],"target":[1.6329851150512695,10.654620170593262,-1.4315718412399292]}
