{"position":[-0.8110938668251038,-2.3322439193725586,-0.6743344664573669],"target":[0.30240780115127563,4.132243633270264,-1.010519027709961]}
