{"isActive_":true,"sensitivity_":0.30000001192092896,"targetDistance_":3.4000000953674316,"targetHeight_":0.8999999761581421,"targetName_":"player"}
