{"isActive_":true,"sensitivity_":0.30000001192092896,"targetDistance_":4.099999904632568,"targetHeight_":0.5,"targetName_":"00_player"}
