{"isActive_":true,"sensitivity_":0.30000001192092896,"targetDistance_":3.200000047683716,"targetHeight_":1.2999999523162842,"targetName_":"00_player"}
