{"isActive_":true,"sensitivity_":0.30000001192092896,"targetDistance_":3.0,"targetHeight_":1.600000023841858,"targetName_":"00_player"}
