{"isActive_":true,"sensitivity_":0.30000001192092896,"targetDistance_":3.700000047683716,"targetHeight_":0.20000000298023224,"targetName_":"char_player00"}
