{"isActive_":true,"sensitivity_":0.30000001192092896,"targetDistance_":2.5999999046325684,"targetHeight_":1.100000023841858,"targetName_":"00_player"}
