{"isActive_":false,"sensitivity_":0.30000001192092896,"targetDistance_":6.699999809265137,"targetHeight_":4.0,"targetName_":"char_player"}