{"Score":{"layerNumber_":1,"objectName_":"Score","position_":[-0.30000001192092896,-0.5,0.0],"rotate_":[0.0,0.0,0.0],"scale_":[1.0,1.0,1.0],"size":1.0,"text":"Score:1234","type_":3},"Thank you ":{"layerNumber_":3,"objectName_":"Thank you ","position_":[-0.6000000238418579,0.4000000059604645,0.0],"rotate_":[0.0,0.0,0.0],"scale_":[1.0,1.0,1.0],"size":2.059999942779541,"text":"THANK YOU FOR PLAYING!","type_":3},"time":{"layerNumber_":2,"objectName_":"time","position_":[-0.30000001192092896,-0.30000001192092896,0.0],"rotate_":[0.0,0.0,0.0],"scale_":[1.0,1.0,1.0],"size":1.0,"text":"time:0","type_":3}}
