{"test-object01":{"modelFilePath_":"DebugCollision/BoxCollider.fbx","myComponents_":{"MoveXComponent":{"moveSpeedX_":0.0,"type_":4},"RotationComponent":{"childComponents_":{"RotationXComponent":{"angle_":35.800025939941406,"rotateSpeed_":0.10000000149011612,"type_":2},"RotationYComponent":{"angle_":35.800025939941406,"rotateSpeed_":0.10000000149011612,"type_":1},"RotationZComponent":{"angle_":0.0,"rotateSpeed_":0.0,"type_":3}},"type_":0}},"position_":[0.0,-2.299999952316284,1.7000000476837158],"rotate_":[35.800025939941406,35.800025939941406,-37.399314880371094],"scale_":[1.7000000476837158,0.5,3.4000000953674316]}}
