{"StageFloor":{"modelFilePath_":"Models/Nature Kit/ground_grass.fbx","position_":[-9.800000190734863,0.0,-19.799999237060547],"rotate_":[0.0,0.0,0.0],"scale_":[1.0,1.0,1.0]},"StageFloor10":{"modelFilePath_":"Models/Nature Kit/ground_grass.fbx","position_":[-9.800000190734863,0.0,-89.30000305175781],"rotate_":[0.0,0.0,0.0],"scale_":[1.0,1.0,1.0]},"StageFloor11":{"modelFilePath_":"Models/Nature Kit/ground_grass.fbx","position_":[0.0,0.0,-89.30000305175781],"rotate_":[0.0,0.0,0.0],"scale_":[1.0,1.0,1.0]},"StageFloor12":{"modelFilePath_":"Models/Nature Kit/ground_grass.fbx","position_":[9.899999618530273,0.0,-89.30000305175781],"rotate_":[0.0,0.0,0.0],"scale_":[1.0,1.0,1.0]},"StageFloor13":{"modelFilePath_":"Models/Nature Kit/ground_grass.fbx","position_":[19.700000762939453,0.0,-89.30000305175781],"rotate_":[0.0,0.0,0.0],"scale_":[1.0,1.0,1.0]},"StageFloor14":{"modelFilePath_":"Models/Nature Kit/ground_grass.fbx","position_":[29.200000762939453,0.0,-89.30000305175781],"rotate_":[0.0,0.0,0.0],"scale_":[1.0,1.0,1.0]},"StageFloor15":{"modelFilePath_":"Models/Nature Kit/ground_grass.fbx","position_":[38.900001525878906,0.0,-89.30000305175781],"rotate_":[0.0,0.0,0.0],"scale_":[1.0,1.0,1.0]},"StageFloor2":{"modelFilePath_":"Models/Nature Kit/ground_grass.fbx","position_":[-9.899999618530273,0.0,-10.0],"rotate_":[0.0,0.0,0.0],"scale_":[1.0,1.0,1.0]},"StageFloor3":{"modelFilePath_":"Models/Nature Kit/ground_grass.fbx","position_":[-9.800000190734863,0.0,0.0],"rotate_":[0.0,0.0,0.0],"scale_":[1.0,1.0,1.0]},"StageFloor4":{"modelFilePath_":"Models/Nature Kit/ground_grass.fbx","position_":[-9.800000190734863,0.0,-29.799999237060547],"rotate_":[0.0,0.0,0.0],"scale_":[1.0,1.0,1.0]},"StageFloor5":{"modelFilePath_":"Models/Nature Kit/ground_grass.fbx","position_":[-9.600000381469727,0.0,-39.70000076293945],"rotate_":[0.0,0.0,0.0],"scale_":[1.0,1.0,1.0]},"StageFloor6":{"modelFilePath_":"Models/Nature Kit/ground_grass.fbx","position_":[-9.800000190734863,0.0,-49.5],"rotate_":[0.0,0.0,0.0],"scale_":[1.0,1.0,1.0]},"StageFloor7":{"modelFilePath_":"Models/Nature Kit/ground_grass.fbx","position_":[-9.800000190734863,0.0,-59.29999923706055],"rotate_":[0.0,0.0,0.0],"scale_":[1.0,1.0,1.0]},"StageFloor8":{"modelFilePath_":"Models/Nature Kit/ground_grass.fbx","position_":[-9.800000190734863,0.0,-69.4000015258789],"rotate_":[0.0,0.0,0.0],"scale_":[1.0,1.0,1.0]},"StageFloor9":{"modelFilePath_":"Models/Nature Kit/ground_grass.fbx","position_":[-9.800000190734863,0.0,-79.4000015258789],"rotate_":[0.0,0.0,0.0],"scale_":[1.0,1.0,1.0]}}
